{"cameraMode":{"drawMode":0,"name":"Shaded","section":"Shading Mode"},"sceneLighting":false,"audioPlay":false,"sceneViewState":{"showFog":true,"showMaterialUpdate":true,"showSkybox":true,"showFlares":true,"showImageEffects":true,"showParticleSystems":true},"in2DMode":false,"pivot":{"x":0.2244163155555725,"y":1.5584101676940919,"z":-0.4351860284805298},"rotation":{"x":-0.10781997442245484,"y":0.48585474491119387,"z":-0.060617268085479739,"w":-0.8653300404548645},"size":4.56601619720459,"orthographic":false}