{"cameraMode":{"drawMode":0,"name":"Shaded","section":"Shading Mode"},"sceneLighting":true,"audioPlay":false,"sceneViewState":{"showFog":true,"showMaterialUpdate":true,"showSkybox":true,"showFlares":true,"showImageEffects":true,"showParticleSystems":true},"in2DMode":false,"pivot":{"x":-8.831035614013672,"y":0.7487597465515137,"z":12.162792205810547},"rotation":{"x":0.39161649346351626,"y":0.21828995645046235,"z":-0.09607037901878357,"w":0.8887895345687866},"size":36.9867057800293,"orthographic":false}