{"cameraMode":{"drawMode":0,"name":"Shaded","section":"Shading Mode"},"sceneLighting":true,"audioPlay":false,"sceneViewState":{"showFog":true,"showMaterialUpdate":true,"showSkybox":true,"showFlares":true,"showImageEffects":true,"showParticleSystems":true},"in2DMode":false,"pivot":{"x":-81.93217468261719,"y":25.584733963012697,"z":-110.27118682861328},"rotation":{"x":-0.09759261459112168,"y":-0.268147349357605,"z":0.027279246598482133,"w":-0.9581151604652405},"size":4.56601619720459,"orthographic":false}