{"cameraMode":{"drawMode":0,"name":"Shaded","section":"Shading Mode"},"sceneLighting":true,"audioPlay":false,"sceneViewState":{"showFog":true,"showMaterialUpdate":true,"showSkybox":true,"showFlares":true,"showImageEffects":true,"showParticleSystems":true},"in2DMode":false,"pivot":{"x":50.64278030395508,"y":-32.8618049621582,"z":-25.279144287109376},"rotation":{"x":-0.14509180188179017,"y":-0.8241170644760132,"z":0.24314139783382417,"w":-0.49105438590049746},"size":86.09519958496094,"orthographic":false}