{"cameraMode":{"drawMode":0,"name":"Shaded","section":"Shading Mode"},"sceneLighting":false,"audioPlay":false,"sceneViewState":{"showFog":true,"showMaterialUpdate":true,"showSkybox":true,"showFlares":true,"showImageEffects":true,"showParticleSystems":true},"in2DMode":false,"pivot":{"x":-0.18678689002990724,"y":1.663840651512146,"z":-0.9590367674827576},"rotation":{"x":0.23789291083812715,"y":-0.6481472849845886,"z":0.22420024871826173,"w":0.6878424882888794},"size":3.3992972373962404,"orthographic":false}