{"cameraMode":{"drawMode":0,"name":"Shaded","section":"Shading Mode"},"sceneLighting":false,"audioPlay":false,"sceneViewState":{"showFog":true,"showMaterialUpdate":true,"showSkybox":true,"showFlares":true,"showImageEffects":true,"showParticleSystems":true},"in2DMode":false,"pivot":{"x":-1.3713244199752808,"y":1.1403415203094483,"z":-1.0900460481643677},"rotation":{"x":-0.045547742396593097,"y":-0.4822232127189636,"z":0.02504822425544262,"w":-0.8746048808097839},"size":0.9034706950187683,"orthographic":false}